cell_id,sequence,repeat,suite,dataset,mode,algorithm,engine,variant,expected_outcome,outcome,original_outcome,receipt_outcome,integrity_errors,expected_outcome_observed,seconds,execution_rss_bytes,execution_pss_bytes,cgroup_peak_through_result_bytes,cgroup_lifetime_peak_bytes,native_pool_peak_bytes,native_read_peak_bytes,iterations,true_residual,whole_vm_steal_fraction,kernel,elapsed_until_error_seconds,execution_sampled,frontier_messages,contraction_rounds,native_source_sha,runtime_source_sha,harness_source_sha,binary_sha256,native_installed_files_identity,dataset_files_identity
distributed-r1-sparse-100000-nutmeg-datafusion-wcc-reference,1,1,distributed,sparse-100000,process-cluster,wcc,nutmeg-datafusion,reference,passed,passed,passed,passed,[],True,1.3410554980000597,1549455360,1405206528,1322668032.0,1349292032.0,,,4,,0.0,min_label,,True,,,4e6100f0320fb952e9926b867193ec1768edfcda,70b0d1cab2cab945d4dbaf6842ee0e38c8aa1822,a6567b511a2ef1d99688f644134effb8461594f8,7353a7df02a624b3336f6c30d0968cbd42ae1f4bd3333ed6af9c638bbc77165a,49e7d93d9e0c7505637b92fb58c0f2e7839cf9c9e7ac5b4ca4b66beeaca11b5b,71b5f003a6aea2c01b19d9d9231d280e2b5bc548588d3361c2d048cd068be5a6
distributed-r1-sparse-1000000-nutmeg-native-pagerank-optimized,2,1,distributed,sparse-1000000,process-cluster,pagerank,nutmeg-native,optimized,passed,error,error,error,[],False,,1359622144,1230294016,1071235072.0,1071235072.0,459642172,,,,0.0,,0.9148485289997552,True,,,4e6100f0320fb952e9926b867193ec1768edfcda,70b0d1cab2cab945d4dbaf6842ee0e38c8aa1822,a6567b511a2ef1d99688f644134effb8461594f8,7353a7df02a624b3336f6c30d0968cbd42ae1f4bd3333ed6af9c638bbc77165a,,
distributed-r1-sparse-10000-nutmeg-native-wcc-reference,3,1,distributed,sparse-10000,process-cluster,wcc,nutmeg-native,reference,passed,passed,passed,passed,[],True,0.11720885100021405,710074368,582319104,436539392.0,586330112.0,56148398,861354,,,0.0,wcc,,True,,,4e6100f0320fb952e9926b867193ec1768edfcda,70b0d1cab2cab945d4dbaf6842ee0e38c8aa1822,a6567b511a2ef1d99688f644134effb8461594f8,7353a7df02a624b3336f6c30d0968cbd42ae1f4bd3333ed6af9c638bbc77165a,49e7d93d9e0c7505637b92fb58c0f2e7839cf9c9e7ac5b4ca4b66beeaca11b5b,ab378217ebe70f4594bbd49f75e28e1eb037da00c80d6677edd231b74cf6d25d
distributed-r1-sparse-10000-pecan-pagerank-optimized,4,1,distributed,sparse-10000,process-cluster,pagerank,pecan,optimized,passed,passed,passed,passed,[],True,11.071761567000067,1347559424,1201388544,1208610816.0,1208610816.0,,,59,4.6000031466595585e-09,0.0,delta,,True,4656532,,4e6100f0320fb952e9926b867193ec1768edfcda,70b0d1cab2cab945d4dbaf6842ee0e38c8aa1822,a6567b511a2ef1d99688f644134effb8461594f8,7353a7df02a624b3336f6c30d0968cbd42ae1f4bd3333ed6af9c638bbc77165a,49e7d93d9e0c7505637b92fb58c0f2e7839cf9c9e7ac5b4ca4b66beeaca11b5b,ab378217ebe70f4594bbd49f75e28e1eb037da00c80d6677edd231b74cf6d25d
distributed-r1-sparse-1000000-nutmeg-datafusion-pagerank-reference,5,1,distributed,sparse-1000000,process-cluster,pagerank,nutmeg-datafusion,reference,passed,passed,passed,passed,[],True,50.247034396000345,2090700800,1948408832,2162679808.0,2311880704.0,,,59,7.920544944234659e-09,0.0,power,,True,,,4e6100f0320fb952e9926b867193ec1768edfcda,70b0d1cab2cab945d4dbaf6842ee0e38c8aa1822,a6567b511a2ef1d99688f644134effb8461594f8,7353a7df02a624b3336f6c30d0968cbd42ae1f4bd3333ed6af9c638bbc77165a,49e7d93d9e0c7505637b92fb58c0f2e7839cf9c9e7ac5b4ca4b66beeaca11b5b,1fd3fc44c25c4863e291efa6063dc6d490f8e311c7c9a8914152a3be8e8565d7
distributed-r1-sparse-1000000-nutmeg-datafusion-pagerank-optimized,6,1,distributed,sparse-1000000,process-cluster,pagerank,nutmeg-datafusion,optimized,passed,passed,passed,passed,[],True,65.45176466200064,2428198912,2282432512,2561175552.0,2887307264.0,,,62,4.74873827083332e-09,0.0,delta,,True,477240350,,4e6100f0320fb952e9926b867193ec1768edfcda,70b0d1cab2cab945d4dbaf6842ee0e38c8aa1822,a6567b511a2ef1d99688f644134effb8461594f8,7353a7df02a624b3336f6c30d0968cbd42ae1f4bd3333ed6af9c638bbc77165a,49e7d93d9e0c7505637b92fb58c0f2e7839cf9c9e7ac5b4ca4b66beeaca11b5b,1fd3fc44c25c4863e291efa6063dc6d490f8e311c7c9a8914152a3be8e8565d7
distributed-r1-sparse-100000-nutmeg-native-pagerank-reference,7,1,distributed,sparse-100000,process-cluster,pagerank,nutmeg-native,reference,passed,passed,passed,passed,[],True,0.8771071510000183,893476864,762234880,705564672.0,1109331968.0,570503902,3188426,57,6.770794350255557e-09,0.0,pagerank,,True,,,4e6100f0320fb952e9926b867193ec1768edfcda,70b0d1cab2cab945d4dbaf6842ee0e38c8aa1822,a6567b511a2ef1d99688f644134effb8461594f8,7353a7df02a624b3336f6c30d0968cbd42ae1f4bd3333ed6af9c638bbc77165a,49e7d93d9e0c7505637b92fb58c0f2e7839cf9c9e7ac5b4ca4b66beeaca11b5b,71b5f003a6aea2c01b19d9d9231d280e2b5bc548588d3361c2d048cd068be5a6
distributed-r1-sparse-100000-nutmeg-datafusion-wcc-optimized,8,1,distributed,sparse-100000,process-cluster,wcc,nutmeg-datafusion,optimized,passed,error,error,error,[],False,,1241489408,1100718080,960327680.0,964521984.0,,,,,0.0,randomized,0.5690427839999757,True,,,4e6100f0320fb952e9926b867193ec1768edfcda,70b0d1cab2cab945d4dbaf6842ee0e38c8aa1822,a6567b511a2ef1d99688f644134effb8461594f8,7353a7df02a624b3336f6c30d0968cbd42ae1f4bd3333ed6af9c638bbc77165a,,
distributed-r1-sparse-100000-nutmeg-native-pagerank-optimized,9,1,distributed,sparse-100000,process-cluster,pagerank,nutmeg-native,optimized,passed,passed,passed,passed,[],True,1.3248817210005654,931602432,800913408,736407552.0,1109463040.0,570471422,72255520,59,4.666204457183435e-09,0.0,pagerankDelta,,True,45820538,,4e6100f0320fb952e9926b867193ec1768edfcda,70b0d1cab2cab945d4dbaf6842ee0e38c8aa1822,a6567b511a2ef1d99688f644134effb8461594f8,7353a7df02a624b3336f6c30d0968cbd42ae1f4bd3333ed6af9c638bbc77165a,49e7d93d9e0c7505637b92fb58c0f2e7839cf9c9e7ac5b4ca4b66beeaca11b5b,71b5f003a6aea2c01b19d9d9231d280e2b5bc548588d3361c2d048cd068be5a6
distributed-r1-sparse-1000000-pecan-pagerank-optimized,10,1,distributed,sparse-1000000,process-cluster,pagerank,pecan,optimized,passed,passed,passed,passed,[],True,65.83108543099934,2414706688,2277566464,2520965120.0,2890969088.0,,,62,4.7487383363480625e-09,0.0,delta,,True,477240350,,4e6100f0320fb952e9926b867193ec1768edfcda,70b0d1cab2cab945d4dbaf6842ee0e38c8aa1822,a6567b511a2ef1d99688f644134effb8461594f8,7353a7df02a624b3336f6c30d0968cbd42ae1f4bd3333ed6af9c638bbc77165a,49e7d93d9e0c7505637b92fb58c0f2e7839cf9c9e7ac5b4ca4b66beeaca11b5b,1fd3fc44c25c4863e291efa6063dc6d490f8e311c7c9a8914152a3be8e8565d7
distributed-r1-sparse-100000-nutmeg-native-wcc-optimized,11,1,distributed,sparse-100000,process-cluster,wcc,nutmeg-native,optimized,passed,passed,passed,passed,[],True,0.8930066890006856,918921216,788089856,674041856.0,927600640.0,570503902,40727908,9,,0.0,wccRandomized,,True,,9,4e6100f0320fb952e9926b867193ec1768edfcda,70b0d1cab2cab945d4dbaf6842ee0e38c8aa1822,a6567b511a2ef1d99688f644134effb8461594f8,7353a7df02a624b3336f6c30d0968cbd42ae1f4bd3333ed6af9c638bbc77165a,49e7d93d9e0c7505637b92fb58c0f2e7839cf9c9e7ac5b4ca4b66beeaca11b5b,71b5f003a6aea2c01b19d9d9231d280e2b5bc548588d3361c2d048cd068be5a6
distributed-r1-sparse-10000-nutmeg-datafusion-wcc-reference,12,1,distributed,sparse-10000,process-cluster,wcc,nutmeg-datafusion,reference,passed,passed,passed,passed,[],True,0.9136755800000174,1145651200,1003748352,871817216.0,886951936.0,,,4,,0.0,min_label,,True,,,4e6100f0320fb952e9926b867193ec1768edfcda,70b0d1cab2cab945d4dbaf6842ee0e38c8aa1822,a6567b511a2ef1d99688f644134effb8461594f8,7353a7df02a624b3336f6c30d0968cbd42ae1f4bd3333ed6af9c638bbc77165a,49e7d93d9e0c7505637b92fb58c0f2e7839cf9c9e7ac5b4ca4b66beeaca11b5b,ab378217ebe70f4594bbd49f75e28e1eb037da00c80d6677edd231b74cf6d25d
distributed-r1-sparse-1000000-nutmeg-native-pagerank-reference,13,1,distributed,sparse-1000000,process-cluster,pagerank,nutmeg-native,reference,passed,error,error,error,[],False,,1309499392,1178640384,1060552704.0,1060552704.0,459642172,,,,0.0,,0.9465574280002329,True,,,4e6100f0320fb952e9926b867193ec1768edfcda,70b0d1cab2cab945d4dbaf6842ee0e38c8aa1822,a6567b511a2ef1d99688f644134effb8461594f8,7353a7df02a624b3336f6c30d0968cbd42ae1f4bd3333ed6af9c638bbc77165a,,
distributed-r1-sparse-100000-nutmeg-native-wcc-reference,14,1,distributed,sparse-100000,process-cluster,wcc,nutmeg-native,reference,passed,passed,passed,passed,[],True,0.6827501509997091,872472576,741095424,649216000.0,874586112.0,570503902,2869663,,,0.0,wcc,,True,,,4e6100f0320fb952e9926b867193ec1768edfcda,70b0d1cab2cab945d4dbaf6842ee0e38c8aa1822,a6567b511a2ef1d99688f644134effb8461594f8,7353a7df02a624b3336f6c30d0968cbd42ae1f4bd3333ed6af9c638bbc77165a,49e7d93d9e0c7505637b92fb58c0f2e7839cf9c9e7ac5b4ca4b66beeaca11b5b,71b5f003a6aea2c01b19d9d9231d280e2b5bc548588d3361c2d048cd068be5a6
distributed-r1-sparse-100000-pecan-pagerank-optimized,15,1,distributed,sparse-100000,process-cluster,pagerank,pecan,optimized,passed,passed,passed,passed,[],True,17.023653589999412,2778755072,2631723008,2785804288.0,2799357952.0,,,59,4.666210608478576e-09,0.0,delta,,True,45820538,,4e6100f0320fb952e9926b867193ec1768edfcda,70b0d1cab2cab945d4dbaf6842ee0e38c8aa1822,a6567b511a2ef1d99688f644134effb8461594f8,7353a7df02a624b3336f6c30d0968cbd42ae1f4bd3333ed6af9c638bbc77165a,49e7d93d9e0c7505637b92fb58c0f2e7839cf9c9e7ac5b4ca4b66beeaca11b5b,71b5f003a6aea2c01b19d9d9231d280e2b5bc548588d3361c2d048cd068be5a6
distributed-r1-sparse-1000000-pecan-wcc-optimized,16,1,distributed,sparse-1000000,process-cluster,wcc,pecan,optimized,passed,error,error,error,[],False,,1864925184,1722406912,1714446336.0,1714446336.0,,,,,0.0,randomized,2.240068431000509,True,,,4e6100f0320fb952e9926b867193ec1768edfcda,70b0d1cab2cab945d4dbaf6842ee0e38c8aa1822,a6567b511a2ef1d99688f644134effb8461594f8,7353a7df02a624b3336f6c30d0968cbd42ae1f4bd3333ed6af9c638bbc77165a,,
distributed-r1-sparse-1000000-nutmeg-datafusion-wcc-reference,17,1,distributed,sparse-1000000,process-cluster,wcc,nutmeg-datafusion,reference,passed,passed,passed,passed,[],True,8.577134101999945,2505531392,2365959168,2555084800.0,2555084800.0,,,4,,0.0,min_label,,True,,,4e6100f0320fb952e9926b867193ec1768edfcda,70b0d1cab2cab945d4dbaf6842ee0e38c8aa1822,a6567b511a2ef1d99688f644134effb8461594f8,7353a7df02a624b3336f6c30d0968cbd42ae1f4bd3333ed6af9c638bbc77165a,49e7d93d9e0c7505637b92fb58c0f2e7839cf9c9e7ac5b4ca4b66beeaca11b5b,1fd3fc44c25c4863e291efa6063dc6d490f8e311c7c9a8914152a3be8e8565d7
distributed-r1-sparse-10000-pecan-pagerank-reference,18,1,distributed,sparse-10000,process-cluster,pagerank,pecan,reference,passed,passed,passed,passed,[],True,8.264706953000314,1266077696,1122662400,1092218880.0,1103884288.0,,,57,6.985160152006472e-09,0.0,power,,True,,,4e6100f0320fb952e9926b867193ec1768edfcda,70b0d1cab2cab945d4dbaf6842ee0e38c8aa1822,a6567b511a2ef1d99688f644134effb8461594f8,7353a7df02a624b3336f6c30d0968cbd42ae1f4bd3333ed6af9c638bbc77165a,49e7d93d9e0c7505637b92fb58c0f2e7839cf9c9e7ac5b4ca4b66beeaca11b5b,ab378217ebe70f4594bbd49f75e28e1eb037da00c80d6677edd231b74cf6d25d
distributed-r1-sparse-10000-nutmeg-datafusion-pagerank-reference,19,1,distributed,sparse-10000,process-cluster,pagerank,nutmeg-datafusion,reference,passed,passed,passed,passed,[],True,8.283899014999406,1227550720,1083119616,1066045440.0,1080750080.0,,,57,6.9851601481880476e-09,0.0,power,,True,,,4e6100f0320fb952e9926b867193ec1768edfcda,70b0d1cab2cab945d4dbaf6842ee0e38c8aa1822,a6567b511a2ef1d99688f644134effb8461594f8,7353a7df02a624b3336f6c30d0968cbd42ae1f4bd3333ed6af9c638bbc77165a,49e7d93d9e0c7505637b92fb58c0f2e7839cf9c9e7ac5b4ca4b66beeaca11b5b,ab378217ebe70f4594bbd49f75e28e1eb037da00c80d6677edd231b74cf6d25d
distributed-r1-sparse-1000000-pecan-pagerank-reference,20,1,distributed,sparse-1000000,process-cluster,pagerank,pecan,reference,passed,passed,passed,passed,[],True,57.770903910000015,2053148672,1917290496,2133585920.0,2396299264.0,,,59,7.920545077586973e-09,0.0,power,,True,,,4e6100f0320fb952e9926b867193ec1768edfcda,70b0d1cab2cab945d4dbaf6842ee0e38c8aa1822,a6567b511a2ef1d99688f644134effb8461594f8,7353a7df02a624b3336f6c30d0968cbd42ae1f4bd3333ed6af9c638bbc77165a,49e7d93d9e0c7505637b92fb58c0f2e7839cf9c9e7ac5b4ca4b66beeaca11b5b,1fd3fc44c25c4863e291efa6063dc6d490f8e311c7c9a8914152a3be8e8565d7
distributed-r1-sparse-100000-pecan-wcc-reference,21,1,distributed,sparse-100000,process-cluster,wcc,pecan,reference,passed,not_run,not_run,,[],False,,,,,,,,,,,,,,,,,,,,,
distributed-r1-sparse-1000000-pecan-wcc-reference,22,1,distributed,sparse-1000000,process-cluster,wcc,pecan,reference,passed,not_run,not_run,,[],False,,,,,,,,,,,,,,,,,,,,,
distributed-r1-sparse-10000-nutmeg-native-pagerank-optimized,23,1,distributed,sparse-10000,process-cluster,pagerank,nutmeg-native,optimized,passed,not_run,not_run,,[],False,,,,,,,,,,,,,,,,,,,,,
distributed-r1-sparse-1000000-nutmeg-native-wcc-reference,24,1,distributed,sparse-1000000,process-cluster,wcc,nutmeg-native,reference,passed,not_run,not_run,,[],False,,,,,,,,,,,,,,,,,,,,,
distributed-r1-sparse-10000-nutmeg-datafusion-pagerank-optimized,25,1,distributed,sparse-10000,process-cluster,pagerank,nutmeg-datafusion,optimized,passed,not_run,not_run,,[],False,,,,,,,,,,,,,,,,,,,,,
distributed-r1-sparse-10000-pecan-wcc-optimized,26,1,distributed,sparse-10000,process-cluster,wcc,pecan,optimized,passed,not_run,not_run,,[],False,,,,,,,,,,,,,,,,,,,,,
distributed-r1-sparse-100000-nutmeg-datafusion-pagerank-optimized,27,1,distributed,sparse-100000,process-cluster,pagerank,nutmeg-datafusion,optimized,passed,not_run,not_run,,[],False,,,,,,,,,,,,,,,,,,,,,
distributed-r1-sparse-10000-nutmeg-datafusion-wcc-optimized,28,1,distributed,sparse-10000,process-cluster,wcc,nutmeg-datafusion,optimized,passed,not_run,not_run,,[],False,,,,,,,,,,,,,,,,,,,,,
distributed-r1-sparse-100000-pecan-pagerank-reference,29,1,distributed,sparse-100000,process-cluster,pagerank,pecan,reference,passed,not_run,not_run,,[],False,,,,,,,,,,,,,,,,,,,,,
distributed-r1-sparse-1000000-nutmeg-datafusion-wcc-optimized,30,1,distributed,sparse-1000000,process-cluster,wcc,nutmeg-datafusion,optimized,passed,not_run,not_run,,[],False,,,,,,,,,,,,,,,,,,,,,
distributed-r1-sparse-10000-pecan-wcc-reference,31,1,distributed,sparse-10000,process-cluster,wcc,pecan,reference,passed,not_run,not_run,,[],False,,,,,,,,,,,,,,,,,,,,,
distributed-r1-sparse-10000-nutmeg-native-pagerank-reference,32,1,distributed,sparse-10000,process-cluster,pagerank,nutmeg-native,reference,passed,not_run,not_run,,[],False,,,,,,,,,,,,,,,,,,,,,
distributed-r1-sparse-10000-nutmeg-native-wcc-optimized,33,1,distributed,sparse-10000,process-cluster,wcc,nutmeg-native,optimized,passed,not_run,not_run,,[],False,,,,,,,,,,,,,,,,,,,,,
distributed-r1-sparse-100000-nutmeg-datafusion-pagerank-reference,34,1,distributed,sparse-100000,process-cluster,pagerank,nutmeg-datafusion,reference,passed,not_run,not_run,,[],False,,,,,,,,,,,,,,,,,,,,,
distributed-r1-sparse-1000000-nutmeg-native-wcc-optimized,35,1,distributed,sparse-1000000,process-cluster,wcc,nutmeg-native,optimized,passed,not_run,not_run,,[],False,,,,,,,,,,,,,,,,,,,,,
distributed-r1-sparse-100000-pecan-wcc-optimized,36,1,distributed,sparse-100000,process-cluster,wcc,pecan,optimized,passed,not_run,not_run,,[],False,,,,,,,,,,,,,,,,,,,,,
distributed-r2-sparse-100000-nutmeg-datafusion-wcc-optimized,37,2,distributed,sparse-100000,process-cluster,wcc,nutmeg-datafusion,optimized,passed,not_run,not_run,,[],False,,,,,,,,,,,,,,,,,,,,,
distributed-r2-sparse-10000-nutmeg-native-wcc-reference,38,2,distributed,sparse-10000,process-cluster,wcc,nutmeg-native,reference,passed,not_run,not_run,,[],False,,,,,,,,,,,,,,,,,,,,,
distributed-r2-sparse-10000-nutmeg-datafusion-wcc-optimized,39,2,distributed,sparse-10000,process-cluster,wcc,nutmeg-datafusion,optimized,passed,not_run,not_run,,[],False,,,,,,,,,,,,,,,,,,,,,
distributed-r2-sparse-100000-nutmeg-datafusion-pagerank-optimized,40,2,distributed,sparse-100000,process-cluster,pagerank,nutmeg-datafusion,optimized,passed,not_run,not_run,,[],False,,,,,,,,,,,,,,,,,,,,,
distributed-r2-sparse-1000000-nutmeg-datafusion-pagerank-optimized,41,2,distributed,sparse-1000000,process-cluster,pagerank,nutmeg-datafusion,optimized,passed,not_run,not_run,,[],False,,,,,,,,,,,,,,,,,,,,,
distributed-r2-sparse-100000-pecan-wcc-reference,42,2,distributed,sparse-100000,process-cluster,wcc,pecan,reference,passed,not_run,not_run,,[],False,,,,,,,,,,,,,,,,,,,,,
distributed-r2-sparse-100000-nutmeg-native-pagerank-reference,43,2,distributed,sparse-100000,process-cluster,pagerank,nutmeg-native,reference,passed,not_run,not_run,,[],False,,,,,,,,,,,,,,,,,,,,,
distributed-r2-sparse-1000000-nutmeg-native-pagerank-reference,44,2,distributed,sparse-1000000,process-cluster,pagerank,nutmeg-native,reference,passed,not_run,not_run,,[],False,,,,,,,,,,,,,,,,,,,,,
distributed-r2-sparse-1000000-nutmeg-datafusion-wcc-reference,45,2,distributed,sparse-1000000,process-cluster,wcc,nutmeg-datafusion,reference,passed,not_run,not_run,,[],False,,,,,,,,,,,,,,,,,,,,,
distributed-r2-sparse-1000000-pecan-pagerank-optimized,46,2,distributed,sparse-1000000,process-cluster,pagerank,pecan,optimized,passed,not_run,not_run,,[],False,,,,,,,,,,,,,,,,,,,,,
distributed-r2-sparse-10000-nutmeg-datafusion-pagerank-optimized,47,2,distributed,sparse-10000,process-cluster,pagerank,nutmeg-datafusion,optimized,passed,not_run,not_run,,[],False,,,,,,,,,,,,,,,,,,,,,
distributed-r2-sparse-1000000-nutmeg-native-wcc-optimized,48,2,distributed,sparse-1000000,process-cluster,wcc,nutmeg-native,optimized,passed,not_run,not_run,,[],False,,,,,,,,,,,,,,,,,,,,,
distributed-r2-sparse-100000-pecan-pagerank-optimized,49,2,distributed,sparse-100000,process-cluster,pagerank,pecan,optimized,passed,not_run,not_run,,[],False,,,,,,,,,,,,,,,,,,,,,
distributed-r2-sparse-1000000-nutmeg-native-pagerank-optimized,50,2,distributed,sparse-1000000,process-cluster,pagerank,nutmeg-native,optimized,passed,not_run,not_run,,[],False,,,,,,,,,,,,,,,,,,,,,
distributed-r2-sparse-100000-nutmeg-datafusion-pagerank-reference,51,2,distributed,sparse-100000,process-cluster,pagerank,nutmeg-datafusion,reference,passed,not_run,not_run,,[],False,,,,,,,,,,,,,,,,,,,,,
distributed-r2-sparse-1000000-nutmeg-datafusion-pagerank-reference,52,2,distributed,sparse-1000000,process-cluster,pagerank,nutmeg-datafusion,reference,passed,not_run,not_run,,[],False,,,,,,,,,,,,,,,,,,,,,
distributed-r2-sparse-100000-nutmeg-native-pagerank-optimized,53,2,distributed,sparse-100000,process-cluster,pagerank,nutmeg-native,optimized,passed,not_run,not_run,,[],False,,,,,,,,,,,,,,,,,,,,,
distributed-r2-sparse-1000000-pecan-pagerank-reference,54,2,distributed,sparse-1000000,process-cluster,pagerank,pecan,reference,passed,not_run,not_run,,[],False,,,,,,,,,,,,,,,,,,,,,
distributed-r2-sparse-100000-nutmeg-native-wcc-reference,55,2,distributed,sparse-100000,process-cluster,wcc,nutmeg-native,reference,passed,not_run,not_run,,[],False,,,,,,,,,,,,,,,,,,,,,
distributed-r2-sparse-1000000-pecan-wcc-reference,56,2,distributed,sparse-1000000,process-cluster,wcc,pecan,reference,passed,not_run,not_run,,[],False,,,,,,,,,,,,,,,,,,,,,
distributed-r2-sparse-100000-pecan-wcc-optimized,57,2,distributed,sparse-100000,process-cluster,wcc,pecan,optimized,passed,not_run,not_run,,[],False,,,,,,,,,,,,,,,,,,,,,
distributed-r2-sparse-10000-nutmeg-native-pagerank-optimized,58,2,distributed,sparse-10000,process-cluster,pagerank,nutmeg-native,optimized,passed,not_run,not_run,,[],False,,,,,,,,,,,,,,,,,,,,,
distributed-r2-sparse-10000-pecan-pagerank-reference,59,2,distributed,sparse-10000,process-cluster,pagerank,pecan,reference,passed,not_run,not_run,,[],False,,,,,,,,,,,,,,,,,,,,,
distributed-r2-sparse-10000-nutmeg-datafusion-wcc-reference,60,2,distributed,sparse-10000,process-cluster,wcc,nutmeg-datafusion,reference,passed,not_run,not_run,,[],False,,,,,,,,,,,,,,,,,,,,,
distributed-r2-sparse-100000-nutmeg-native-wcc-optimized,61,2,distributed,sparse-100000,process-cluster,wcc,nutmeg-native,optimized,passed,not_run,not_run,,[],False,,,,,,,,,,,,,,,,,,,,,
distributed-r2-sparse-10000-nutmeg-datafusion-pagerank-reference,62,2,distributed,sparse-10000,process-cluster,pagerank,nutmeg-datafusion,reference,passed,not_run,not_run,,[],False,,,,,,,,,,,,,,,,,,,,,
distributed-r2-sparse-10000-nutmeg-native-pagerank-reference,63,2,distributed,sparse-10000,process-cluster,pagerank,nutmeg-native,reference,passed,not_run,not_run,,[],False,,,,,,,,,,,,,,,,,,,,,
distributed-r2-sparse-10000-pecan-pagerank-optimized,64,2,distributed,sparse-10000,process-cluster,pagerank,pecan,optimized,passed,not_run,not_run,,[],False,,,,,,,,,,,,,,,,,,,,,
distributed-r2-sparse-100000-pecan-pagerank-reference,65,2,distributed,sparse-100000,process-cluster,pagerank,pecan,reference,passed,not_run,not_run,,[],False,,,,,,,,,,,,,,,,,,,,,
distributed-r2-sparse-1000000-nutmeg-native-wcc-reference,66,2,distributed,sparse-1000000,process-cluster,wcc,nutmeg-native,reference,passed,not_run,not_run,,[],False,,,,,,,,,,,,,,,,,,,,,
distributed-r2-sparse-100000-nutmeg-datafusion-wcc-reference,67,2,distributed,sparse-100000,process-cluster,wcc,nutmeg-datafusion,reference,passed,not_run,not_run,,[],False,,,,,,,,,,,,,,,,,,,,,
distributed-r2-sparse-10000-pecan-wcc-reference,68,2,distributed,sparse-10000,process-cluster,wcc,pecan,reference,passed,not_run,not_run,,[],False,,,,,,,,,,,,,,,,,,,,,
distributed-r2-sparse-10000-pecan-wcc-optimized,69,2,distributed,sparse-10000,process-cluster,wcc,pecan,optimized,passed,not_run,not_run,,[],False,,,,,,,,,,,,,,,,,,,,,
distributed-r2-sparse-1000000-nutmeg-datafusion-wcc-optimized,70,2,distributed,sparse-1000000,process-cluster,wcc,nutmeg-datafusion,optimized,passed,not_run,not_run,,[],False,,,,,,,,,,,,,,,,,,,,,
distributed-r2-sparse-1000000-pecan-wcc-optimized,71,2,distributed,sparse-1000000,process-cluster,wcc,pecan,optimized,passed,not_run,not_run,,[],False,,,,,,,,,,,,,,,,,,,,,
distributed-r2-sparse-10000-nutmeg-native-wcc-optimized,72,2,distributed,sparse-10000,process-cluster,wcc,nutmeg-native,optimized,passed,not_run,not_run,,[],False,,,,,,,,,,,,,,,,,,,,,
distributed-r3-sparse-100000-nutmeg-native-pagerank-optimized,73,3,distributed,sparse-100000,process-cluster,pagerank,nutmeg-native,optimized,passed,not_run,not_run,,[],False,,,,,,,,,,,,,,,,,,,,,
distributed-r3-sparse-100000-nutmeg-datafusion-wcc-reference,74,3,distributed,sparse-100000,process-cluster,wcc,nutmeg-datafusion,reference,passed,not_run,not_run,,[],False,,,,,,,,,,,,,,,,,,,,,
distributed-r3-sparse-1000000-nutmeg-datafusion-pagerank-reference,75,3,distributed,sparse-1000000,process-cluster,pagerank,nutmeg-datafusion,reference,passed,not_run,not_run,,[],False,,,,,,,,,,,,,,,,,,,,,
distributed-r3-sparse-100000-nutmeg-datafusion-wcc-optimized,76,3,distributed,sparse-100000,process-cluster,wcc,nutmeg-datafusion,optimized,passed,not_run,not_run,,[],False,,,,,,,,,,,,,,,,,,,,,
distributed-r3-sparse-1000000-nutmeg-datafusion-wcc-optimized,77,3,distributed,sparse-1000000,process-cluster,wcc,nutmeg-datafusion,optimized,passed,not_run,not_run,,[],False,,,,,,,,,,,,,,,,,,,,,
distributed-r3-sparse-1000000-nutmeg-native-wcc-reference,78,3,distributed,sparse-1000000,process-cluster,wcc,nutmeg-native,reference,passed,not_run,not_run,,[],False,,,,,,,,,,,,,,,,,,,,,
distributed-r3-sparse-1000000-nutmeg-datafusion-pagerank-optimized,79,3,distributed,sparse-1000000,process-cluster,pagerank,nutmeg-datafusion,optimized,passed,not_run,not_run,,[],False,,,,,,,,,,,,,,,,,,,,,
distributed-r3-sparse-10000-nutmeg-datafusion-wcc-reference,80,3,distributed,sparse-10000,process-cluster,wcc,nutmeg-datafusion,reference,passed,not_run,not_run,,[],False,,,,,,,,,,,,,,,,,,,,,
distributed-r3-sparse-10000-pecan-pagerank-optimized,81,3,distributed,sparse-10000,process-cluster,pagerank,pecan,optimized,passed,not_run,not_run,,[],False,,,,,,,,,,,,,,,,,,,,,
distributed-r3-sparse-100000-pecan-pagerank-optimized,82,3,distributed,sparse-100000,process-cluster,pagerank,pecan,optimized,passed,not_run,not_run,,[],False,,,,,,,,,,,,,,,,,,,,,
distributed-r3-sparse-10000-nutmeg-datafusion-pagerank-optimized,83,3,distributed,sparse-10000,process-cluster,pagerank,nutmeg-datafusion,optimized,passed,not_run,not_run,,[],False,,,,,,,,,,,,,,,,,,,,,
distributed-r3-sparse-100000-pecan-wcc-reference,84,3,distributed,sparse-100000,process-cluster,wcc,pecan,reference,passed,not_run,not_run,,[],False,,,,,,,,,,,,,,,,,,,,,
distributed-r3-sparse-100000-nutmeg-datafusion-pagerank-optimized,85,3,distributed,sparse-100000,process-cluster,pagerank,nutmeg-datafusion,optimized,passed,not_run,not_run,,[],False,,,,,,,,,,,,,,,,,,,,,
distributed-r3-sparse-1000000-pecan-wcc-reference,86,3,distributed,sparse-1000000,process-cluster,wcc,pecan,reference,passed,not_run,not_run,,[],False,,,,,,,,,,,,,,,,,,,,,
distributed-r3-sparse-1000000-nutmeg-native-pagerank-reference,87,3,distributed,sparse-1000000,process-cluster,pagerank,nutmeg-native,reference,passed,not_run,not_run,,[],False,,,,,,,,,,,,,,,,,,,,,
distributed-r3-sparse-10000-pecan-wcc-optimized,88,3,distributed,sparse-10000,process-cluster,wcc,pecan,optimized,passed,not_run,not_run,,[],False,,,,,,,,,,,,,,,,,,,,,
distributed-r3-sparse-10000-pecan-wcc-reference,89,3,distributed,sparse-10000,process-cluster,wcc,pecan,reference,passed,not_run,not_run,,[],False,,,,,,,,,,,,,,,,,,,,,
distributed-r3-sparse-1000000-nutmeg-datafusion-wcc-reference,90,3,distributed,sparse-1000000,process-cluster,wcc,nutmeg-datafusion,reference,passed,not_run,not_run,,[],False,,,,,,,,,,,,,,,,,,,,,
distributed-r3-sparse-100000-nutmeg-native-wcc-reference,91,3,distributed,sparse-100000,process-cluster,wcc,nutmeg-native,reference,passed,not_run,not_run,,[],False,,,,,,,,,,,,,,,,,,,,,
distributed-r3-sparse-10000-nutmeg-datafusion-wcc-optimized,92,3,distributed,sparse-10000,process-cluster,wcc,nutmeg-datafusion,optimized,passed,not_run,not_run,,[],False,,,,,,,,,,,,,,,,,,,,,
distributed-r3-sparse-10000-nutmeg-native-pagerank-optimized,93,3,distributed,sparse-10000,process-cluster,pagerank,nutmeg-native,optimized,passed,not_run,not_run,,[],False,,,,,,,,,,,,,,,,,,,,,
distributed-r3-sparse-1000000-pecan-wcc-optimized,94,3,distributed,sparse-1000000,process-cluster,wcc,pecan,optimized,passed,not_run,not_run,,[],False,,,,,,,,,,,,,,,,,,,,,
distributed-r3-sparse-10000-nutmeg-datafusion-pagerank-reference,95,3,distributed,sparse-10000,process-cluster,pagerank,nutmeg-datafusion,reference,passed,not_run,not_run,,[],False,,,,,,,,,,,,,,,,,,,,,
distributed-r3-sparse-1000000-pecan-pagerank-optimized,96,3,distributed,sparse-1000000,process-cluster,pagerank,pecan,optimized,passed,not_run,not_run,,[],False,,,,,,,,,,,,,,,,,,,,,
distributed-r3-sparse-100000-nutmeg-datafusion-pagerank-reference,97,3,distributed,sparse-100000,process-cluster,pagerank,nutmeg-datafusion,reference,passed,not_run,not_run,,[],False,,,,,,,,,,,,,,,,,,,,,
distributed-r3-sparse-100000-pecan-wcc-optimized,98,3,distributed,sparse-100000,process-cluster,wcc,pecan,optimized,passed,not_run,not_run,,[],False,,,,,,,,,,,,,,,,,,,,,
distributed-r3-sparse-1000000-nutmeg-native-wcc-optimized,99,3,distributed,sparse-1000000,process-cluster,wcc,nutmeg-native,optimized,passed,not_run,not_run,,[],False,,,,,,,,,,,,,,,,,,,,,
distributed-r3-sparse-10000-nutmeg-native-wcc-reference,100,3,distributed,sparse-10000,process-cluster,wcc,nutmeg-native,reference,passed,not_run,not_run,,[],False,,,,,,,,,,,,,,,,,,,,,
distributed-r3-sparse-1000000-pecan-pagerank-reference,101,3,distributed,sparse-1000000,process-cluster,pagerank,pecan,reference,passed,not_run,not_run,,[],False,,,,,,,,,,,,,,,,,,,,,
distributed-r3-sparse-100000-nutmeg-native-pagerank-reference,102,3,distributed,sparse-100000,process-cluster,pagerank,nutmeg-native,reference,passed,not_run,not_run,,[],False,,,,,,,,,,,,,,,,,,,,,
distributed-r3-sparse-10000-pecan-pagerank-reference,103,3,distributed,sparse-10000,process-cluster,pagerank,pecan,reference,passed,not_run,not_run,,[],False,,,,,,,,,,,,,,,,,,,,,
distributed-r3-sparse-10000-nutmeg-native-wcc-optimized,104,3,distributed,sparse-10000,process-cluster,wcc,nutmeg-native,optimized,passed,not_run,not_run,,[],False,,,,,,,,,,,,,,,,,,,,,
distributed-r3-sparse-1000000-nutmeg-native-pagerank-optimized,105,3,distributed,sparse-1000000,process-cluster,pagerank,nutmeg-native,optimized,passed,not_run,not_run,,[],False,,,,,,,,,,,,,,,,,,,,,
distributed-r3-sparse-100000-pecan-pagerank-reference,106,3,distributed,sparse-100000,process-cluster,pagerank,pecan,reference,passed,not_run,not_run,,[],False,,,,,,,,,,,,,,,,,,,,,
distributed-r3-sparse-10000-nutmeg-native-pagerank-reference,107,3,distributed,sparse-10000,process-cluster,pagerank,nutmeg-native,reference,passed,not_run,not_run,,[],False,,,,,,,,,,,,,,,,,,,,,
distributed-r3-sparse-100000-nutmeg-native-wcc-optimized,108,3,distributed,sparse-100000,process-cluster,wcc,nutmeg-native,optimized,passed,not_run,not_run,,[],False,,,,,,,,,,,,,,,,,,,,,
local-r1-sparse-100000-nutmeg-datafusion-pagerank-reference,109,1,local,sparse-100000,local,pagerank,nutmeg-datafusion,reference,passed,not_run,not_run,,[],False,,,,,,,,,,,,,,,,,,,,,
local-r1-sparse-100000-pecan-wcc-reference,110,1,local,sparse-100000,local,wcc,pecan,reference,passed,not_run,not_run,,[],False,,,,,,,,,,,,,,,,,,,,,
local-r1-sparse-100000-nutmeg-datafusion-wcc-reference,111,1,local,sparse-100000,local,wcc,nutmeg-datafusion,reference,passed,not_run,not_run,,[],False,,,,,,,,,,,,,,,,,,,,,
local-r1-sparse-100000-pecan-pagerank-reference,112,1,local,sparse-100000,local,pagerank,pecan,reference,passed,not_run,not_run,,[],False,,,,,,,,,,,,,,,,,,,,,
local-r1-sparse-100000-pecan-pagerank-optimized,113,1,local,sparse-100000,local,pagerank,pecan,optimized,passed,not_run,not_run,,[],False,,,,,,,,,,,,,,,,,,,,,
local-r1-sparse-100000-nutmeg-native-pagerank-reference,114,1,local,sparse-100000,local,pagerank,nutmeg-native,reference,passed,not_run,not_run,,[],False,,,,,,,,,,,,,,,,,,,,,
local-r1-sparse-100000-nutmeg-native-wcc-optimized,115,1,local,sparse-100000,local,wcc,nutmeg-native,optimized,passed,not_run,not_run,,[],False,,,,,,,,,,,,,,,,,,,,,
local-r1-sparse-100000-pecan-wcc-optimized,116,1,local,sparse-100000,local,wcc,pecan,optimized,passed,not_run,not_run,,[],False,,,,,,,,,,,,,,,,,,,,,
local-r1-sparse-100000-nutmeg-datafusion-pagerank-optimized,117,1,local,sparse-100000,local,pagerank,nutmeg-datafusion,optimized,passed,not_run,not_run,,[],False,,,,,,,,,,,,,,,,,,,,,
local-r1-sparse-100000-nutmeg-datafusion-wcc-optimized,118,1,local,sparse-100000,local,wcc,nutmeg-datafusion,optimized,passed,not_run,not_run,,[],False,,,,,,,,,,,,,,,,,,,,,
local-r1-sparse-100000-nutmeg-native-pagerank-optimized,119,1,local,sparse-100000,local,pagerank,nutmeg-native,optimized,passed,not_run,not_run,,[],False,,,,,,,,,,,,,,,,,,,,,
local-r1-sparse-100000-nutmeg-native-wcc-reference,120,1,local,sparse-100000,local,wcc,nutmeg-native,reference,passed,not_run,not_run,,[],False,,,,,,,,,,,,,,,,,,,,,
local-r2-sparse-100000-nutmeg-native-pagerank-reference,121,2,local,sparse-100000,local,pagerank,nutmeg-native,reference,passed,not_run,not_run,,[],False,,,,,,,,,,,,,,,,,,,,,
local-r2-sparse-100000-nutmeg-datafusion-pagerank-optimized,122,2,local,sparse-100000,local,pagerank,nutmeg-datafusion,optimized,passed,not_run,not_run,,[],False,,,,,,,,,,,,,,,,,,,,,
local-r2-sparse-100000-nutmeg-native-wcc-reference,123,2,local,sparse-100000,local,wcc,nutmeg-native,reference,passed,not_run,not_run,,[],False,,,,,,,,,,,,,,,,,,,,,
local-r2-sparse-100000-nutmeg-datafusion-pagerank-reference,124,2,local,sparse-100000,local,pagerank,nutmeg-datafusion,reference,passed,not_run,not_run,,[],False,,,,,,,,,,,,,,,,,,,,,
local-r2-sparse-100000-nutmeg-datafusion-wcc-optimized,125,2,local,sparse-100000,local,wcc,nutmeg-datafusion,optimized,passed,not_run,not_run,,[],False,,,,,,,,,,,,,,,,,,,,,
local-r2-sparse-100000-pecan-wcc-optimized,126,2,local,sparse-100000,local,wcc,pecan,optimized,passed,not_run,not_run,,[],False,,,,,,,,,,,,,,,,,,,,,
local-r2-sparse-100000-nutmeg-datafusion-wcc-reference,127,2,local,sparse-100000,local,wcc,nutmeg-datafusion,reference,passed,not_run,not_run,,[],False,,,,,,,,,,,,,,,,,,,,,
local-r2-sparse-100000-pecan-pagerank-reference,128,2,local,sparse-100000,local,pagerank,pecan,reference,passed,not_run,not_run,,[],False,,,,,,,,,,,,,,,,,,,,,
local-r2-sparse-100000-nutmeg-native-pagerank-optimized,129,2,local,sparse-100000,local,pagerank,nutmeg-native,optimized,passed,not_run,not_run,,[],False,,,,,,,,,,,,,,,,,,,,,
local-r2-sparse-100000-pecan-pagerank-optimized,130,2,local,sparse-100000,local,pagerank,pecan,optimized,passed,not_run,not_run,,[],False,,,,,,,,,,,,,,,,,,,,,
local-r2-sparse-100000-pecan-wcc-reference,131,2,local,sparse-100000,local,wcc,pecan,reference,passed,not_run,not_run,,[],False,,,,,,,,,,,,,,,,,,,,,
local-r2-sparse-100000-nutmeg-native-wcc-optimized,132,2,local,sparse-100000,local,wcc,nutmeg-native,optimized,passed,not_run,not_run,,[],False,,,,,,,,,,,,,,,,,,,,,
local-r3-sparse-100000-nutmeg-native-wcc-reference,133,3,local,sparse-100000,local,wcc,nutmeg-native,reference,passed,not_run,not_run,,[],False,,,,,,,,,,,,,,,,,,,,,
local-r3-sparse-100000-nutmeg-native-pagerank-reference,134,3,local,sparse-100000,local,pagerank,nutmeg-native,reference,passed,not_run,not_run,,[],False,,,,,,,,,,,,,,,,,,,,,
local-r3-sparse-100000-pecan-pagerank-reference,135,3,local,sparse-100000,local,pagerank,pecan,reference,passed,not_run,not_run,,[],False,,,,,,,,,,,,,,,,,,,,,
local-r3-sparse-100000-nutmeg-datafusion-pagerank-optimized,136,3,local,sparse-100000,local,pagerank,nutmeg-datafusion,optimized,passed,not_run,not_run,,[],False,,,,,,,,,,,,,,,,,,,,,
local-r3-sparse-100000-pecan-pagerank-optimized,137,3,local,sparse-100000,local,pagerank,pecan,optimized,passed,not_run,not_run,,[],False,,,,,,,,,,,,,,,,,,,,,
local-r3-sparse-100000-pecan-wcc-optimized,138,3,local,sparse-100000,local,wcc,pecan,optimized,passed,not_run,not_run,,[],False,,,,,,,,,,,,,,,,,,,,,
local-r3-sparse-100000-pecan-wcc-reference,139,3,local,sparse-100000,local,wcc,pecan,reference,passed,not_run,not_run,,[],False,,,,,,,,,,,,,,,,,,,,,
local-r3-sparse-100000-nutmeg-native-pagerank-optimized,140,3,local,sparse-100000,local,pagerank,nutmeg-native,optimized,passed,not_run,not_run,,[],False,,,,,,,,,,,,,,,,,,,,,
local-r3-sparse-100000-nutmeg-datafusion-pagerank-reference,141,3,local,sparse-100000,local,pagerank,nutmeg-datafusion,reference,passed,not_run,not_run,,[],False,,,,,,,,,,,,,,,,,,,,,
local-r3-sparse-100000-nutmeg-datafusion-wcc-optimized,142,3,local,sparse-100000,local,wcc,nutmeg-datafusion,optimized,passed,not_run,not_run,,[],False,,,,,,,,,,,,,,,,,,,,,
local-r3-sparse-100000-nutmeg-native-wcc-optimized,143,3,local,sparse-100000,local,wcc,nutmeg-native,optimized,passed,not_run,not_run,,[],False,,,,,,,,,,,,,,,,,,,,,
local-r3-sparse-100000-nutmeg-datafusion-wcc-reference,144,3,local,sparse-100000,local,wcc,nutmeg-datafusion,reference,passed,not_run,not_run,,[],False,,,,,,,,,,,,,,,,,,,,,
chain-diagnostic-r1-chain-512-nutmeg-datafusion-wcc-reference,145,1,chain-diagnostic,chain-512,process-cluster,wcc,nutmeg-datafusion,reference,nonconverged,not_run,not_run,,[],False,,,,,,,,,,,,,,,,,,,,,
chain-diagnostic-r1-chain-512-pecan-wcc-optimized,146,1,chain-diagnostic,chain-512,process-cluster,wcc,pecan,optimized,passed,not_run,not_run,,[],False,,,,,,,,,,,,,,,,,,,,,
chain-diagnostic-r1-chain-512-nutmeg-datafusion-wcc-optimized,147,1,chain-diagnostic,chain-512,process-cluster,wcc,nutmeg-datafusion,optimized,passed,not_run,not_run,,[],False,,,,,,,,,,,,,,,,,,,,,
chain-diagnostic-r1-chain-512-nutmeg-native-wcc-reference,148,1,chain-diagnostic,chain-512,process-cluster,wcc,nutmeg-native,reference,passed,not_run,not_run,,[],False,,,,,,,,,,,,,,,,,,,,,
chain-diagnostic-r1-chain-512-nutmeg-native-wcc-optimized,149,1,chain-diagnostic,chain-512,process-cluster,wcc,nutmeg-native,optimized,passed,not_run,not_run,,[],False,,,,,,,,,,,,,,,,,,,,,
chain-diagnostic-r1-chain-512-pecan-wcc-reference,150,1,chain-diagnostic,chain-512,process-cluster,wcc,pecan,reference,nonconverged,not_run,not_run,,[],False,,,,,,,,,,,,,,,,,,,,,
