cell_id,sequence,repeat,suite,dataset,mode,algorithm,engine,variant,expected_outcome,outcome,original_outcome,receipt_outcome,integrity_errors,expected_outcome_observed,seconds,execution_rss_bytes,execution_pss_bytes,cgroup_peak_through_result_bytes,cgroup_lifetime_peak_bytes,native_pool_peak_bytes,native_read_peak_bytes,iterations,true_residual,whole_vm_steal_fraction,kernel,elapsed_until_error_seconds,execution_sampled,frontier_messages,contraction_rounds,native_source_sha,runtime_source_sha,harness_source_sha,binary_sha256,native_installed_files_identity,dataset_files_identity
large-pagerank-r1-uniform-4194304-nutmeg-datafusion-pagerank-reference,1,1,large-pagerank,uniform-4194304,process-cluster,pagerank,nutmeg-datafusion,reference,passed,passed,passed,passed,[],True,81.14194979800004,3823104000,3677739008,4717350912.0,4717350912.0,,,16,1.0436869218848304e-09,0.0,power,,True,,,9d7155aa2302d9dda4e93e48ee3fd81aac1ee637,70b0d1cab2cab945d4dbaf6842ee0e38c8aa1822,aa4b5fa6bd1a8e0ac833ec9db0862386777575c2,7353a7df02a624b3336f6c30d0968cbd42ae1f4bd3333ed6af9c638bbc77165a,c78f891d12cd38aca422eb453958cc0336e7f058cd895c1c808e8bbd01c8d806,e5a01efc286158987853be697c4cb128c7f4f8d9abfef8dee0929b0f5b6fa6b0
large-pagerank-r1-uniform-4194304-pecan-pagerank-reference,2,1,large-pagerank,uniform-4194304,process-cluster,pagerank,pecan,reference,passed,passed,passed,passed,[],True,78.00560629999995,3718205440,3575212032,4629594112.0,4629594112.0,,,16,1.0436869220267746e-09,0.0,power,,True,,,9d7155aa2302d9dda4e93e48ee3fd81aac1ee637,70b0d1cab2cab945d4dbaf6842ee0e38c8aa1822,aa4b5fa6bd1a8e0ac833ec9db0862386777575c2,7353a7df02a624b3336f6c30d0968cbd42ae1f4bd3333ed6af9c638bbc77165a,c78f891d12cd38aca422eb453958cc0336e7f058cd895c1c808e8bbd01c8d806,e5a01efc286158987853be697c4cb128c7f4f8d9abfef8dee0929b0f5b6fa6b0
large-pagerank-r1-hub-4194304-nutmeg-datafusion-pagerank-reference,3,1,large-pagerank,hub-4194304,process-cluster,pagerank,nutmeg-datafusion,reference,passed,passed,passed,passed,[],True,82.21355469900004,3636809728,3498536960,4291022848.0,4291022848.0,,,16,3.201833286572489e-09,0.0,power,,True,,,9d7155aa2302d9dda4e93e48ee3fd81aac1ee637,70b0d1cab2cab945d4dbaf6842ee0e38c8aa1822,aa4b5fa6bd1a8e0ac833ec9db0862386777575c2,7353a7df02a624b3336f6c30d0968cbd42ae1f4bd3333ed6af9c638bbc77165a,c78f891d12cd38aca422eb453958cc0336e7f058cd895c1c808e8bbd01c8d806,1a69b2e7153eaac877967cc77c12930dadaca2d0eb07d344a223e9dfbb5d47ae
large-pagerank-r1-hub-4194304-nutmeg-native-pagerank-reference,4,1,large-pagerank,hub-4194304,process-cluster,pagerank,nutmeg-native,reference,passed,passed,passed,passed,[],True,44.69026301199983,5190541312,5061633024,5450797056.0,7975399424.0,24538076466,100679680,16,3.2018332865410825e-09,0.0,pagerank,,True,,,9d7155aa2302d9dda4e93e48ee3fd81aac1ee637,70b0d1cab2cab945d4dbaf6842ee0e38c8aa1822,aa4b5fa6bd1a8e0ac833ec9db0862386777575c2,7353a7df02a624b3336f6c30d0968cbd42ae1f4bd3333ed6af9c638bbc77165a,c78f891d12cd38aca422eb453958cc0336e7f058cd895c1c808e8bbd01c8d806,1a69b2e7153eaac877967cc77c12930dadaca2d0eb07d344a223e9dfbb5d47ae
large-pagerank-r1-uniform-4194304-nutmeg-native-pagerank-optimized,5,1,large-pagerank,uniform-4194304,process-cluster,pagerank,nutmeg-native,optimized,passed,passed,passed,passed,[],True,65.96946629099989,5811482624,5678693376,6055649280.0,7853740032.0,24627793852,2459930416,15,3.499247678527316e-09,0.0,pagerankDelta,,True,488919172,,9d7155aa2302d9dda4e93e48ee3fd81aac1ee637,70b0d1cab2cab945d4dbaf6842ee0e38c8aa1822,aa4b5fa6bd1a8e0ac833ec9db0862386777575c2,7353a7df02a624b3336f6c30d0968cbd42ae1f4bd3333ed6af9c638bbc77165a,c78f891d12cd38aca422eb453958cc0336e7f058cd895c1c808e8bbd01c8d806,e5a01efc286158987853be697c4cb128c7f4f8d9abfef8dee0929b0f5b6fa6b0
large-pagerank-r1-uniform-4194304-nutmeg-datafusion-pagerank-optimized,6,1,large-pagerank,uniform-4194304,process-cluster,pagerank,nutmeg-datafusion,optimized,passed,passed,passed,passed,[],True,84.94103679299997,3902693376,3763558400,4383186944.0,4620660736.0,,,15,3.4992476762565068e-09,0.0,delta,,True,488919172,,9d7155aa2302d9dda4e93e48ee3fd81aac1ee637,70b0d1cab2cab945d4dbaf6842ee0e38c8aa1822,aa4b5fa6bd1a8e0ac833ec9db0862386777575c2,7353a7df02a624b3336f6c30d0968cbd42ae1f4bd3333ed6af9c638bbc77165a,c78f891d12cd38aca422eb453958cc0336e7f058cd895c1c808e8bbd01c8d806,e5a01efc286158987853be697c4cb128c7f4f8d9abfef8dee0929b0f5b6fa6b0
large-pagerank-r1-hub-4194304-pecan-pagerank-reference,7,1,large-pagerank,hub-4194304,process-cluster,pagerank,pecan,reference,passed,passed,passed,passed,[],True,86.33900187600011,3752267776,3614862336,4540993536.0,4540993536.0,,,16,3.201833286399039e-09,0.0,power,,True,,,9d7155aa2302d9dda4e93e48ee3fd81aac1ee637,70b0d1cab2cab945d4dbaf6842ee0e38c8aa1822,aa4b5fa6bd1a8e0ac833ec9db0862386777575c2,7353a7df02a624b3336f6c30d0968cbd42ae1f4bd3333ed6af9c638bbc77165a,c78f891d12cd38aca422eb453958cc0336e7f058cd895c1c808e8bbd01c8d806,1a69b2e7153eaac877967cc77c12930dadaca2d0eb07d344a223e9dfbb5d47ae
large-pagerank-r1-uniform-4194304-nutmeg-native-pagerank-reference,8,1,large-pagerank,uniform-4194304,process-cluster,pagerank,nutmeg-native,reference,passed,passed,passed,passed,[],True,43.08009487200002,5127131136,4994635776,5461401600.0,8041250816.0,24627793852,100679680,16,1.043686921760654e-09,0.0,pagerank,,True,,,9d7155aa2302d9dda4e93e48ee3fd81aac1ee637,70b0d1cab2cab945d4dbaf6842ee0e38c8aa1822,aa4b5fa6bd1a8e0ac833ec9db0862386777575c2,7353a7df02a624b3336f6c30d0968cbd42ae1f4bd3333ed6af9c638bbc77165a,c78f891d12cd38aca422eb453958cc0336e7f058cd895c1c808e8bbd01c8d806,e5a01efc286158987853be697c4cb128c7f4f8d9abfef8dee0929b0f5b6fa6b0
large-pagerank-r1-hub-4194304-pecan-pagerank-optimized,9,1,large-pagerank,hub-4194304,process-cluster,pagerank,pecan,optimized,passed,passed,passed,passed,[],True,94.10900277200017,3709468672,3522485248,4129566720.0,4599312384.0,,,16,3.237792455910407e-09,0.0,delta,,True,527965227,,9d7155aa2302d9dda4e93e48ee3fd81aac1ee637,70b0d1cab2cab945d4dbaf6842ee0e38c8aa1822,aa4b5fa6bd1a8e0ac833ec9db0862386777575c2,7353a7df02a624b3336f6c30d0968cbd42ae1f4bd3333ed6af9c638bbc77165a,c78f891d12cd38aca422eb453958cc0336e7f058cd895c1c808e8bbd01c8d806,1a69b2e7153eaac877967cc77c12930dadaca2d0eb07d344a223e9dfbb5d47ae
large-pagerank-r1-hub-4194304-nutmeg-datafusion-pagerank-optimized,10,1,large-pagerank,hub-4194304,process-cluster,pagerank,nutmeg-datafusion,optimized,passed,passed,passed,passed,[],True,94.13624529000003,3716071424,3571158016,4112211968.0,4468883456.0,,,16,3.2377924560613047e-09,0.0,delta,,True,527965227,,9d7155aa2302d9dda4e93e48ee3fd81aac1ee637,70b0d1cab2cab945d4dbaf6842ee0e38c8aa1822,aa4b5fa6bd1a8e0ac833ec9db0862386777575c2,7353a7df02a624b3336f6c30d0968cbd42ae1f4bd3333ed6af9c638bbc77165a,c78f891d12cd38aca422eb453958cc0336e7f058cd895c1c808e8bbd01c8d806,1a69b2e7153eaac877967cc77c12930dadaca2d0eb07d344a223e9dfbb5d47ae
large-pagerank-r1-uniform-4194304-pecan-pagerank-optimized,11,1,large-pagerank,uniform-4194304,process-cluster,pagerank,pecan,optimized,passed,passed,passed,passed,[],True,85.87500041700014,3769516032,3632056320,4174688256.0,4655009792.0,,,15,3.4992476763511693e-09,0.0,delta,,True,488919172,,9d7155aa2302d9dda4e93e48ee3fd81aac1ee637,70b0d1cab2cab945d4dbaf6842ee0e38c8aa1822,aa4b5fa6bd1a8e0ac833ec9db0862386777575c2,7353a7df02a624b3336f6c30d0968cbd42ae1f4bd3333ed6af9c638bbc77165a,c78f891d12cd38aca422eb453958cc0336e7f058cd895c1c808e8bbd01c8d806,e5a01efc286158987853be697c4cb128c7f4f8d9abfef8dee0929b0f5b6fa6b0
large-pagerank-r1-hub-4194304-nutmeg-native-pagerank-optimized,12,1,large-pagerank,hub-4194304,process-cluster,pagerank,nutmeg-native,optimized,passed,passed,passed,passed,[],True,67.89790778600036,5801492480,5668174848,6066003968.0,8106766336.0,24538076402,2397304568,16,3.237792454712431e-09,0.0,pagerankDelta,,True,527965227,,9d7155aa2302d9dda4e93e48ee3fd81aac1ee637,70b0d1cab2cab945d4dbaf6842ee0e38c8aa1822,aa4b5fa6bd1a8e0ac833ec9db0862386777575c2,7353a7df02a624b3336f6c30d0968cbd42ae1f4bd3333ed6af9c638bbc77165a,c78f891d12cd38aca422eb453958cc0336e7f058cd895c1c808e8bbd01c8d806,1a69b2e7153eaac877967cc77c12930dadaca2d0eb07d344a223e9dfbb5d47ae
large-wcc-r1-hub-4194304-nutmeg-native-wcc-reference,13,1,large-wcc,hub-4194304,process-cluster,wcc,nutmeg-native,reference,passed,passed,passed,passed,[],True,42.93250856900022,4868448256,4737522688,5129134080.0,5578555392.0,24538076374,67108864,,,0.0,wcc,,True,,,9d7155aa2302d9dda4e93e48ee3fd81aac1ee637,70b0d1cab2cab945d4dbaf6842ee0e38c8aa1822,aa4b5fa6bd1a8e0ac833ec9db0862386777575c2,7353a7df02a624b3336f6c30d0968cbd42ae1f4bd3333ed6af9c638bbc77165a,c78f891d12cd38aca422eb453958cc0336e7f058cd895c1c808e8bbd01c8d806,1a69b2e7153eaac877967cc77c12930dadaca2d0eb07d344a223e9dfbb5d47ae
large-wcc-r1-uniform-4194304-nutmeg-datafusion-wcc-fused,14,1,large-wcc,uniform-4194304,process-cluster,wcc,nutmeg-datafusion,fused,passed,passed,passed,passed,[],True,42.1290359919999,4994584576,4875418624,5415612416.0,5415612416.0,,,13,,0.0,randomized_fused,,True,,13,9d7155aa2302d9dda4e93e48ee3fd81aac1ee637,70b0d1cab2cab945d4dbaf6842ee0e38c8aa1822,aa4b5fa6bd1a8e0ac833ec9db0862386777575c2,7353a7df02a624b3336f6c30d0968cbd42ae1f4bd3333ed6af9c638bbc77165a,c78f891d12cd38aca422eb453958cc0336e7f058cd895c1c808e8bbd01c8d806,e5a01efc286158987853be697c4cb128c7f4f8d9abfef8dee0929b0f5b6fa6b0
large-wcc-r1-hub-4194304-nutmeg-datafusion-wcc-fused,15,1,large-wcc,hub-4194304,process-cluster,wcc,nutmeg-datafusion,fused,passed,passed,passed,passed,[],True,42.31932143400036,6014427136,5872873472,6608310272.0,6608310272.0,,,12,,0.0,randomized_fused,,True,,12,9d7155aa2302d9dda4e93e48ee3fd81aac1ee637,70b0d1cab2cab945d4dbaf6842ee0e38c8aa1822,aa4b5fa6bd1a8e0ac833ec9db0862386777575c2,7353a7df02a624b3336f6c30d0968cbd42ae1f4bd3333ed6af9c638bbc77165a,c78f891d12cd38aca422eb453958cc0336e7f058cd895c1c808e8bbd01c8d806,1a69b2e7153eaac877967cc77c12930dadaca2d0eb07d344a223e9dfbb5d47ae
large-wcc-r1-hub-4194304-pecan-wcc-optimized,16,1,large-wcc,hub-4194304,process-cluster,wcc,pecan,optimized,passed,passed,passed,passed,[],True,48.6128970929999,4830916608,4686130176,5709852672.0,5709852672.0,,,12,,0.0,randomized,,True,,12,9d7155aa2302d9dda4e93e48ee3fd81aac1ee637,70b0d1cab2cab945d4dbaf6842ee0e38c8aa1822,aa4b5fa6bd1a8e0ac833ec9db0862386777575c2,7353a7df02a624b3336f6c30d0968cbd42ae1f4bd3333ed6af9c638bbc77165a,c78f891d12cd38aca422eb453958cc0336e7f058cd895c1c808e8bbd01c8d806,1a69b2e7153eaac877967cc77c12930dadaca2d0eb07d344a223e9dfbb5d47ae
large-wcc-r1-uniform-4194304-nutmeg-native-wcc-fused,17,1,large-wcc,uniform-4194304,process-cluster,wcc,nutmeg-native,fused,passed,passed,passed,passed,[],True,56.47525502899998,5614010368,5483248640,5816299520.0,5816299520.0,24627793852,1181972588,13,,0.0,wccRandomizedFused,,True,,13,9d7155aa2302d9dda4e93e48ee3fd81aac1ee637,70b0d1cab2cab945d4dbaf6842ee0e38c8aa1822,aa4b5fa6bd1a8e0ac833ec9db0862386777575c2,7353a7df02a624b3336f6c30d0968cbd42ae1f4bd3333ed6af9c638bbc77165a,c78f891d12cd38aca422eb453958cc0336e7f058cd895c1c808e8bbd01c8d806,e5a01efc286158987853be697c4cb128c7f4f8d9abfef8dee0929b0f5b6fa6b0
large-wcc-r1-uniform-4194304-nutmeg-native-wcc-optimized,18,1,large-wcc,uniform-4194304,process-cluster,wcc,nutmeg-native,optimized,passed,passed,passed,passed,[],True,55.35007564599982,5646471168,5513583616,5907808256.0,5907808256.0,24627793852,1157908208,13,,0.0,wccRandomized,,True,,13,9d7155aa2302d9dda4e93e48ee3fd81aac1ee637,70b0d1cab2cab945d4dbaf6842ee0e38c8aa1822,aa4b5fa6bd1a8e0ac833ec9db0862386777575c2,7353a7df02a624b3336f6c30d0968cbd42ae1f4bd3333ed6af9c638bbc77165a,c78f891d12cd38aca422eb453958cc0336e7f058cd895c1c808e8bbd01c8d806,e5a01efc286158987853be697c4cb128c7f4f8d9abfef8dee0929b0f5b6fa6b0
large-wcc-r1-hub-4194304-nutmeg-datafusion-wcc-reference,19,1,large-wcc,hub-4194304,process-cluster,wcc,nutmeg-datafusion,reference,passed,passed,passed,passed,[],True,50.643584331000056,6123479040,5994957824,6667255808.0,6667255808.0,,,6,,0.0,min_label,,True,,,9d7155aa2302d9dda4e93e48ee3fd81aac1ee637,70b0d1cab2cab945d4dbaf6842ee0e38c8aa1822,aa4b5fa6bd1a8e0ac833ec9db0862386777575c2,7353a7df02a624b3336f6c30d0968cbd42ae1f4bd3333ed6af9c638bbc77165a,c78f891d12cd38aca422eb453958cc0336e7f058cd895c1c808e8bbd01c8d806,1a69b2e7153eaac877967cc77c12930dadaca2d0eb07d344a223e9dfbb5d47ae
large-wcc-r1-uniform-4194304-nutmeg-datafusion-wcc-reference,20,1,large-wcc,uniform-4194304,process-cluster,wcc,nutmeg-datafusion,reference,passed,passed,passed,passed,[],True,62.87778877599976,6704742400,6572170240,7229865984.0,7229865984.0,,,8,,0.0,min_label,,True,,,9d7155aa2302d9dda4e93e48ee3fd81aac1ee637,70b0d1cab2cab945d4dbaf6842ee0e38c8aa1822,aa4b5fa6bd1a8e0ac833ec9db0862386777575c2,7353a7df02a624b3336f6c30d0968cbd42ae1f4bd3333ed6af9c638bbc77165a,c78f891d12cd38aca422eb453958cc0336e7f058cd895c1c808e8bbd01c8d806,e5a01efc286158987853be697c4cb128c7f4f8d9abfef8dee0929b0f5b6fa6b0
large-wcc-r1-uniform-4194304-nutmeg-datafusion-wcc-optimized,21,1,large-wcc,uniform-4194304,process-cluster,wcc,nutmeg-datafusion,optimized,passed,passed,passed,passed,[],True,51.33802620200004,4771971072,4627556352,5620314112.0,5620314112.0,,,13,,0.0,randomized,,True,,13,9d7155aa2302d9dda4e93e48ee3fd81aac1ee637,70b0d1cab2cab945d4dbaf6842ee0e38c8aa1822,aa4b5fa6bd1a8e0ac833ec9db0862386777575c2,7353a7df02a624b3336f6c30d0968cbd42ae1f4bd3333ed6af9c638bbc77165a,c78f891d12cd38aca422eb453958cc0336e7f058cd895c1c808e8bbd01c8d806,e5a01efc286158987853be697c4cb128c7f4f8d9abfef8dee0929b0f5b6fa6b0
large-wcc-r1-hub-4194304-pecan-wcc-reference,22,1,large-wcc,hub-4194304,process-cluster,wcc,pecan,reference,passed,passed,passed,passed,[],True,50.33830636099992,7524573184,7386421248,7942066176.0,7942066176.0,,,6,,0.0,min_label,,True,,,9d7155aa2302d9dda4e93e48ee3fd81aac1ee637,70b0d1cab2cab945d4dbaf6842ee0e38c8aa1822,aa4b5fa6bd1a8e0ac833ec9db0862386777575c2,7353a7df02a624b3336f6c30d0968cbd42ae1f4bd3333ed6af9c638bbc77165a,c78f891d12cd38aca422eb453958cc0336e7f058cd895c1c808e8bbd01c8d806,1a69b2e7153eaac877967cc77c12930dadaca2d0eb07d344a223e9dfbb5d47ae
large-wcc-r1-uniform-4194304-pecan-wcc-fused,23,1,large-wcc,uniform-4194304,process-cluster,wcc,pecan,fused,passed,passed,passed,passed,[],True,39.70273165299977,4977336320,4830058496,5384458240.0,5384458240.0,,,13,,0.0,randomized_fused,,True,,13,9d7155aa2302d9dda4e93e48ee3fd81aac1ee637,70b0d1cab2cab945d4dbaf6842ee0e38c8aa1822,aa4b5fa6bd1a8e0ac833ec9db0862386777575c2,7353a7df02a624b3336f6c30d0968cbd42ae1f4bd3333ed6af9c638bbc77165a,c78f891d12cd38aca422eb453958cc0336e7f058cd895c1c808e8bbd01c8d806,e5a01efc286158987853be697c4cb128c7f4f8d9abfef8dee0929b0f5b6fa6b0
large-wcc-r1-hub-4194304-nutmeg-native-wcc-optimized,24,1,large-wcc,hub-4194304,process-cluster,wcc,nutmeg-native,optimized,passed,passed,passed,passed,[],True,56.90033193399995,5633433600,5502647296,5869207552.0,5869207552.0,24538076306,1292117304,12,,0.0,wccRandomized,,True,,12,9d7155aa2302d9dda4e93e48ee3fd81aac1ee637,70b0d1cab2cab945d4dbaf6842ee0e38c8aa1822,aa4b5fa6bd1a8e0ac833ec9db0862386777575c2,7353a7df02a624b3336f6c30d0968cbd42ae1f4bd3333ed6af9c638bbc77165a,c78f891d12cd38aca422eb453958cc0336e7f058cd895c1c808e8bbd01c8d806,1a69b2e7153eaac877967cc77c12930dadaca2d0eb07d344a223e9dfbb5d47ae
large-wcc-r1-hub-4194304-nutmeg-datafusion-wcc-optimized,25,1,large-wcc,hub-4194304,process-cluster,wcc,nutmeg-datafusion,optimized,passed,passed,passed,passed,[],True,49.285301472000356,4817620992,4658732032,5639151616.0,5639151616.0,,,12,,0.0,randomized,,True,,12,9d7155aa2302d9dda4e93e48ee3fd81aac1ee637,70b0d1cab2cab945d4dbaf6842ee0e38c8aa1822,aa4b5fa6bd1a8e0ac833ec9db0862386777575c2,7353a7df02a624b3336f6c30d0968cbd42ae1f4bd3333ed6af9c638bbc77165a,c78f891d12cd38aca422eb453958cc0336e7f058cd895c1c808e8bbd01c8d806,1a69b2e7153eaac877967cc77c12930dadaca2d0eb07d344a223e9dfbb5d47ae
large-wcc-r1-uniform-4194304-pecan-wcc-optimized,26,1,large-wcc,uniform-4194304,process-cluster,wcc,pecan,optimized,passed,passed,passed,passed,[],True,50.68042918399988,4863393792,4727704576,5700222976.0,5700222976.0,,,13,,0.0,randomized,,True,,13,9d7155aa2302d9dda4e93e48ee3fd81aac1ee637,70b0d1cab2cab945d4dbaf6842ee0e38c8aa1822,aa4b5fa6bd1a8e0ac833ec9db0862386777575c2,7353a7df02a624b3336f6c30d0968cbd42ae1f4bd3333ed6af9c638bbc77165a,c78f891d12cd38aca422eb453958cc0336e7f058cd895c1c808e8bbd01c8d806,e5a01efc286158987853be697c4cb128c7f4f8d9abfef8dee0929b0f5b6fa6b0
large-wcc-r1-uniform-4194304-nutmeg-native-wcc-reference,27,1,large-wcc,uniform-4194304,process-cluster,wcc,nutmeg-native,reference,passed,passed,passed,passed,[],True,42.23281312999961,4826099712,4695583744,5015949312.0,5525303296.0,24627793852,67108864,,,0.0,wcc,,True,,,9d7155aa2302d9dda4e93e48ee3fd81aac1ee637,70b0d1cab2cab945d4dbaf6842ee0e38c8aa1822,aa4b5fa6bd1a8e0ac833ec9db0862386777575c2,7353a7df02a624b3336f6c30d0968cbd42ae1f4bd3333ed6af9c638bbc77165a,c78f891d12cd38aca422eb453958cc0336e7f058cd895c1c808e8bbd01c8d806,e5a01efc286158987853be697c4cb128c7f4f8d9abfef8dee0929b0f5b6fa6b0
large-wcc-r1-hub-4194304-nutmeg-native-wcc-fused,28,1,large-wcc,hub-4194304,process-cluster,wcc,nutmeg-native,fused,passed,passed,passed,passed,[],True,55.6284689500003,5669244928,5537778688,5897854976.0,5897854976.0,24538076386,1157779376,12,,0.0,wccRandomizedFused,,True,,12,9d7155aa2302d9dda4e93e48ee3fd81aac1ee637,70b0d1cab2cab945d4dbaf6842ee0e38c8aa1822,aa4b5fa6bd1a8e0ac833ec9db0862386777575c2,7353a7df02a624b3336f6c30d0968cbd42ae1f4bd3333ed6af9c638bbc77165a,c78f891d12cd38aca422eb453958cc0336e7f058cd895c1c808e8bbd01c8d806,1a69b2e7153eaac877967cc77c12930dadaca2d0eb07d344a223e9dfbb5d47ae
large-wcc-r1-hub-4194304-pecan-wcc-fused,29,1,large-wcc,hub-4194304,process-cluster,wcc,pecan,fused,passed,passed,passed,passed,[],True,41.16256082499967,5921591296,5782158336,6337216512.0,6337216512.0,,,12,,0.0,randomized_fused,,True,,12,9d7155aa2302d9dda4e93e48ee3fd81aac1ee637,70b0d1cab2cab945d4dbaf6842ee0e38c8aa1822,aa4b5fa6bd1a8e0ac833ec9db0862386777575c2,7353a7df02a624b3336f6c30d0968cbd42ae1f4bd3333ed6af9c638bbc77165a,c78f891d12cd38aca422eb453958cc0336e7f058cd895c1c808e8bbd01c8d806,1a69b2e7153eaac877967cc77c12930dadaca2d0eb07d344a223e9dfbb5d47ae
large-wcc-r1-uniform-4194304-pecan-wcc-reference,30,1,large-wcc,uniform-4194304,process-cluster,wcc,pecan,reference,passed,passed,passed,passed,[],True,62.30283795000014,6107791360,5987187712,6727815168.0,6727815168.0,,,8,,0.0,min_label,,True,,,9d7155aa2302d9dda4e93e48ee3fd81aac1ee637,70b0d1cab2cab945d4dbaf6842ee0e38c8aa1822,aa4b5fa6bd1a8e0ac833ec9db0862386777575c2,7353a7df02a624b3336f6c30d0968cbd42ae1f4bd3333ed6af9c638bbc77165a,c78f891d12cd38aca422eb453958cc0336e7f058cd895c1c808e8bbd01c8d806,e5a01efc286158987853be697c4cb128c7f4f8d9abfef8dee0929b0f5b6fa6b0
