cell_id,sequence,repeat,suite,dataset,mode,algorithm,engine,variant,expected_outcome,outcome,original_outcome,receipt_outcome,integrity_errors,expected_outcome_observed,seconds,execution_rss_bytes,execution_pss_bytes,cgroup_peak_through_result_bytes,cgroup_lifetime_peak_bytes,native_pool_peak_bytes,native_read_peak_bytes,iterations,true_residual,whole_vm_steal_fraction,kernel,elapsed_until_error_seconds,execution_sampled,frontier_messages,contraction_rounds,native_source_sha,runtime_source_sha,harness_source_sha,binary_sha256
large-pagerank-r1-uniform-4194304-nutmeg-datafusion-pagerank-reference,1,1,large-pagerank,uniform-4194304,process-cluster,pagerank,nutmeg-datafusion,reference,passed,not_run,not_run,,[],False,,,,,,,,,,,,,,,,,,,
large-pagerank-r1-uniform-4194304-pecan-pagerank-reference,2,1,large-pagerank,uniform-4194304,process-cluster,pagerank,pecan,reference,passed,not_run,not_run,,[],False,,,,,,,,,,,,,,,,,,,
large-pagerank-r1-hub-4194304-nutmeg-datafusion-pagerank-reference,3,1,large-pagerank,hub-4194304,process-cluster,pagerank,nutmeg-datafusion,reference,passed,not_run,not_run,,[],False,,,,,,,,,,,,,,,,,,,
large-pagerank-r1-hub-4194304-nutmeg-native-pagerank-reference,4,1,large-pagerank,hub-4194304,process-cluster,pagerank,nutmeg-native,reference,passed,not_run,not_run,,[],False,,,,,,,,,,,,,,,,,,,
large-pagerank-r1-uniform-4194304-nutmeg-native-pagerank-optimized,5,1,large-pagerank,uniform-4194304,process-cluster,pagerank,nutmeg-native,optimized,passed,not_run,not_run,,[],False,,,,,,,,,,,,,,,,,,,
large-pagerank-r1-uniform-4194304-nutmeg-datafusion-pagerank-optimized,6,1,large-pagerank,uniform-4194304,process-cluster,pagerank,nutmeg-datafusion,optimized,passed,not_run,not_run,,[],False,,,,,,,,,,,,,,,,,,,
large-pagerank-r1-hub-4194304-pecan-pagerank-reference,7,1,large-pagerank,hub-4194304,process-cluster,pagerank,pecan,reference,passed,not_run,not_run,,[],False,,,,,,,,,,,,,,,,,,,
large-pagerank-r1-uniform-4194304-nutmeg-native-pagerank-reference,8,1,large-pagerank,uniform-4194304,process-cluster,pagerank,nutmeg-native,reference,passed,error,error,error,[],False,,3068796928,2941217792,3152740352.0,3152740352.0,2004413662,,,,0.0,,3.5103434949999155,True,,,9d7155aa2302d9dda4e93e48ee3fd81aac1ee637,70b0d1cab2cab945d4dbaf6842ee0e38c8aa1822,aa4b5fa6bd1a8e0ac833ec9db0862386777575c2,7353a7df02a624b3336f6c30d0968cbd42ae1f4bd3333ed6af9c638bbc77165a
large-pagerank-r1-hub-4194304-pecan-pagerank-optimized,9,1,large-pagerank,hub-4194304,process-cluster,pagerank,pecan,optimized,passed,not_run,not_run,,[],False,,,,,,,,,,,,,,,,,,,
large-pagerank-r1-hub-4194304-nutmeg-datafusion-pagerank-optimized,10,1,large-pagerank,hub-4194304,process-cluster,pagerank,nutmeg-datafusion,optimized,passed,not_run,not_run,,[],False,,,,,,,,,,,,,,,,,,,
large-pagerank-r1-uniform-4194304-pecan-pagerank-optimized,11,1,large-pagerank,uniform-4194304,process-cluster,pagerank,pecan,optimized,passed,not_run,not_run,,[],False,,,,,,,,,,,,,,,,,,,
large-pagerank-r1-hub-4194304-nutmeg-native-pagerank-optimized,12,1,large-pagerank,hub-4194304,process-cluster,pagerank,nutmeg-native,optimized,passed,not_run,not_run,,[],False,,,,,,,,,,,,,,,,,,,
large-wcc-r1-hub-4194304-nutmeg-native-wcc-reference,13,1,large-wcc,hub-4194304,process-cluster,wcc,nutmeg-native,reference,passed,not_run,not_run,,[],False,,,,,,,,,,,,,,,,,,,
large-wcc-r1-uniform-4194304-nutmeg-datafusion-wcc-fused,14,1,large-wcc,uniform-4194304,process-cluster,wcc,nutmeg-datafusion,fused,passed,not_run,not_run,,[],False,,,,,,,,,,,,,,,,,,,
large-wcc-r1-hub-4194304-nutmeg-datafusion-wcc-fused,15,1,large-wcc,hub-4194304,process-cluster,wcc,nutmeg-datafusion,fused,passed,not_run,not_run,,[],False,,,,,,,,,,,,,,,,,,,
large-wcc-r1-hub-4194304-pecan-wcc-optimized,16,1,large-wcc,hub-4194304,process-cluster,wcc,pecan,optimized,passed,not_run,not_run,,[],False,,,,,,,,,,,,,,,,,,,
large-wcc-r1-uniform-4194304-nutmeg-native-wcc-fused,17,1,large-wcc,uniform-4194304,process-cluster,wcc,nutmeg-native,fused,passed,not_run,not_run,,[],False,,,,,,,,,,,,,,,,,,,
large-wcc-r1-uniform-4194304-nutmeg-native-wcc-optimized,18,1,large-wcc,uniform-4194304,process-cluster,wcc,nutmeg-native,optimized,passed,not_run,not_run,,[],False,,,,,,,,,,,,,,,,,,,
large-wcc-r1-hub-4194304-nutmeg-datafusion-wcc-reference,19,1,large-wcc,hub-4194304,process-cluster,wcc,nutmeg-datafusion,reference,passed,not_run,not_run,,[],False,,,,,,,,,,,,,,,,,,,
large-wcc-r1-uniform-4194304-nutmeg-datafusion-wcc-reference,20,1,large-wcc,uniform-4194304,process-cluster,wcc,nutmeg-datafusion,reference,passed,not_run,not_run,,[],False,,,,,,,,,,,,,,,,,,,
large-wcc-r1-uniform-4194304-nutmeg-datafusion-wcc-optimized,21,1,large-wcc,uniform-4194304,process-cluster,wcc,nutmeg-datafusion,optimized,passed,not_run,not_run,,[],False,,,,,,,,,,,,,,,,,,,
large-wcc-r1-hub-4194304-pecan-wcc-reference,22,1,large-wcc,hub-4194304,process-cluster,wcc,pecan,reference,passed,not_run,not_run,,[],False,,,,,,,,,,,,,,,,,,,
large-wcc-r1-uniform-4194304-pecan-wcc-fused,23,1,large-wcc,uniform-4194304,process-cluster,wcc,pecan,fused,passed,not_run,not_run,,[],False,,,,,,,,,,,,,,,,,,,
large-wcc-r1-hub-4194304-nutmeg-native-wcc-optimized,24,1,large-wcc,hub-4194304,process-cluster,wcc,nutmeg-native,optimized,passed,not_run,not_run,,[],False,,,,,,,,,,,,,,,,,,,
large-wcc-r1-hub-4194304-nutmeg-datafusion-wcc-optimized,25,1,large-wcc,hub-4194304,process-cluster,wcc,nutmeg-datafusion,optimized,passed,not_run,not_run,,[],False,,,,,,,,,,,,,,,,,,,
large-wcc-r1-uniform-4194304-pecan-wcc-optimized,26,1,large-wcc,uniform-4194304,process-cluster,wcc,pecan,optimized,passed,not_run,not_run,,[],False,,,,,,,,,,,,,,,,,,,
large-wcc-r1-uniform-4194304-nutmeg-native-wcc-reference,27,1,large-wcc,uniform-4194304,process-cluster,wcc,nutmeg-native,reference,passed,not_run,not_run,,[],False,,,,,,,,,,,,,,,,,,,
large-wcc-r1-hub-4194304-nutmeg-native-wcc-fused,28,1,large-wcc,hub-4194304,process-cluster,wcc,nutmeg-native,fused,passed,not_run,not_run,,[],False,,,,,,,,,,,,,,,,,,,
large-wcc-r1-hub-4194304-pecan-wcc-fused,29,1,large-wcc,hub-4194304,process-cluster,wcc,pecan,fused,passed,not_run,not_run,,[],False,,,,,,,,,,,,,,,,,,,
large-wcc-r1-uniform-4194304-pecan-wcc-reference,30,1,large-wcc,uniform-4194304,process-cluster,wcc,pecan,reference,passed,not_run,not_run,,[],False,,,,,,,,,,,,,,,,,,,
